<?xml version="1.0" encoding="UTF-8"?>
<metadata modelVersion="1.1.0">
  <groupId>org.jetbrains.kotlin.plugin.noarg</groupId>
  <artifactId>org.jetbrains.kotlin.plugin.noarg.gradle.plugin</artifactId>
  <version>1.4.255-SNAPSHOT</version>
  <versioning>
    <snapshot>
      <localCopy>true</localCopy>
    </snapshot>
    <lastUpdated>20200703121811</lastUpdated>
    <snapshotVersions>
      <snapshotVersion>
        <extension>jar</extension>
        <value>1.4.255-SNAPSHOT</value>
        <updated>20200703121811</updated>
      </snapshotVersion>
      <snapshotVersion>
        <classifier>sources</classifier>
        <extension>jar</extension>
        <value>1.4.255-SNAPSHOT</value>
        <updated>20200703121811</updated>
      </snapshotVersion>
      <snapshotVersion>
        <classifier>javadoc</classifier>
        <extension>jar</extension>
        <value>1.4.255-SNAPSHOT</value>
        <updated>20200703121811</updated>
      </snapshotVersion>
      <snapshotVersion>
        <extension>pom</extension>
        <value>1.4.255-SNAPSHOT</value>
        <updated>20200703121811</updated>
      </snapshotVersion>
    </snapshotVersions>
  </versioning>
</metadata>
